{"text": " What's up guys, I'm Alex, I'm a computer science major with a minor in design and I am part of Group 34, otherwise known as Project Touch Grass.", "segments": [{"id": 0, "seek": 0, "start": 0.0, "end": 7.68, "text": " What's up guys, I'm Alex, I'm a computer science major with a minor in design and I", "tokens": [50364, 708, 311, 493, 1074, 11, 286, 478, 5202, 11, 286, 478, 257, 3820, 3497, 2563, 365, 257, 6696, 294, 1715, 293, 286, 50748], "temperature": 0.0, "avg_logprob": -0.3619632959365845, "compression_ratio": 1.152, "no_speech_prob": 0.04831776022911072}, {"id": 1, "seek": 0, "start": 7.68, "end": 14.200000000000001, "text": " am part of Group 34, otherwise known as Project Touch Grass.", "tokens": [50748, 669, 644, 295, 10500, 12790, 11, 5911, 2570, 382, 9849, 20029, 39891, 13, 51074], "temperature": 0.0, "avg_logprob": -0.3619632959365845, "compression_ratio": 1.152, "no_speech_prob": 0.04831776022911072}], "language": "en"}